[
  {
    "uuid": "a9f1c6e5-9383-4d12-b28d-734c9370f861",
    "location": "Exeter, UK",
    "timeStamp": "7 Jan 2025 at 09:30",
    "title": "The Phantom Warning",
    "text": "I was drifting through town, lost in thought, when I stepped into the street without looking. A piercing shriek sliced through the air—an old woman, her voice cracking like dead leaves, screamed for me to stop. I froze and turned just in time to see a bus thunder past, a blast of air clawing at my face. My heart pounded as I looked across to thank her, but the street was empty. No trace of her remained. That’s when the chill set in—she looked exactly like my grandmother, who we buried seven years ago. I still remember the floral scarf she wore... the same one we buried her in."
  },
  {
    "uuid": "47e3291a-6f67-4fc0-9d06-25fa4d1f3ae1",
    "location": "Edinburgh, UK",
    "timeStamp": "20 March 2024 at 11:30",
    "title": "The Pianist's Lament",
    "text": "We wandered into the skeleton of an abandoned theater, its air thick with forgotten breath. As we crept through its crumbling halls, a piano melody began to drift—low, haunting, almost mournful. It drew us to the stage, where a dust-veiled piano sat, keys untouched, strings long dead. Then he appeared: a tall, gaunt figure in tattered evening wear, standing in the balcony like a relic of grief. He stared down at us, his eyes hollow with memory, before dissolving into nothingness. Later, I learned of the fire—the pianist who perished mid-performance, still searching for his final ovation."
  },
  {
    "uuid": "b83cb7e0-df38-493b-b53d-2616175ea5f9",
    "location": "Dunwich, UK",
    "timeStamp": "7 Jan 2025 at 10:00",
    "title": "The Widow in the Rocking Chair",
    "text": "The hotel was ancient, its walls whispering with age. At 2AM, I woke to the slow creak of footsteps across my room, soft and deliberate. I called out, but no answer came. I grappled with the light switch. As my eyes adjusted to the pale, sickly glow that spilled across the room, I noticed the rocking chair in the corner, moving to and fro as if someone had just risen from it. I watched it until it came to a dead, silent stop. In the gray light of dawn, I told the hotel owner. She gave me a knowing glance. 'That chair belonged to Edith. She lost her husband at sea and never left this room again. You’re not the first to feel her presence.'"
  }
]